[{"name":"Admin","email":"arup.paul.1447@gmail.com","username":"Admin","password":"ARUP@@@@","gender":"male","dob":"2022-12-20"},{"name":"Arup","email":"arup.1447@gmail.com","username":"Arup","password":"ARUP@@@@","gender":"male","dob":"2022-12-15"},{"name":"Ratan","email":"ratan@gmail.com","username":"Ratan","password":"ARUP@@@@","gender":"male","dob":"2022-12-16"},{"name":"paul","email":"paul.1447@gmail.com","username":"Paul","password":"ARUP@@@@","gender":"male","dob":"2022-12-17"},{"name":"asd","email":"asd.1447@gmail.com","username":"asd","password":"ARUP@@@@","gender":"male","dob":"2022-12-18"},{"name":"Admin","email":"arup.paul.1447@gmail.com","username":"Admin","password":"ARUP@@@@","gender":"male","dob":"2022-12-20"},{"name":"Arup","email":"arup.paul.1447@gmail.com","username":"Arup","password":"AAAA@@@@","gender":"male","dob":"2022-08-06"},{"name":"Admin","email":"arup.paul.1447@gmail.com","username":"Admin","password":"AAAAAAA@","gender":"male","dob":"2022-08-08"},{"name":"Admin","email":"arup.paul.1447@gmail.com","username":"Admin","password":"AAAAAAA@","gender":"male","dob":"2022-08-08"},{"name":"Admin","email":"arup.paul.1447@gmail.com","username":"Admin","password":"AAAAAAA@","gender":"male","dob":"2022-08-08"},{"name":"Admin","email":"arup.paul.1447@gmail.com","username":"Admin","password":"AAAAAAA@","gender":"male","dob":"2022-08-08"},{"name":"Admin","email":"arup.paul.1447@gmail.com","username":"Admin","password":"AAAAAAA@","gender":"male","dob":"2022-08-08"},{"name":"Admin","email":"arup.paul.1447@gmail.com","username":"Admin","password":"AAAAAAA@","gender":"male","dob":"2022-08-08"}]